workspace,method,routePath,file,mountUnknown
"vyapar-backend","GET","/","apps/backend/server.js","YES - prefix not found, path may be incomplete"
"vyapar-backend","POST","/path","apps/backend/src/middleware/errormiddleware.js","YES - prefix not found, path may be incomplete"
"vyapar-backend","GET","/api/aging/","apps/backend/src/routes/agingRoutes.js",""
"vyapar-backend","GET","/api/approvals/","apps/backend/src/routes/approvalRoutes.js",""
"vyapar-backend","POST","/api/approvals/update","apps/backend/src/routes/approvalRoutes.js",""
"vyapar-backend","POST","/api/attendance/mark","apps/backend/src/routes/attendanceRoutes.js",""
"vyapar-backend","GET","/api/attendance/","apps/backend/src/routes/attendanceRoutes.js",""
"vyapar-backend","GET","/api/attendance/report/monthly","apps/backend/src/routes/attendanceRoutes.js",""
"vyapar-backend","POST","/api/auth/register","apps/backend/src/routes/authRoutes.js",""
"vyapar-backend","POST","/api/auth/login","apps/backend/src/routes/authRoutes.js",""
"vyapar-backend","POST","/api/auth/verify-otp","apps/backend/src/routes/authRoutes.js",""
"vyapar-backend","POST","/api/b2b/","apps/backend/src/routes/b2bRoutes.js",""
"vyapar-backend","GET","/api/b2b/","apps/backend/src/routes/b2bRoutes.js",""
"vyapar-backend","POST","/api/b2b/:id/convert","apps/backend/src/routes/b2bRoutes.js",""
"vyapar-backend","POST","/api/bank-rec/reconcile","apps/backend/src/routes/bankRecRoutes.js",""
"vyapar-backend","GET","/api/billing/export/csv","apps/backend/src/routes/billingRoutes.js",""
"vyapar-backend","GET","/api/billing/pdf/:id","apps/backend/src/routes/billingRoutes.js",""
"vyapar-backend","POST","/api/billing/parse-image","apps/backend/src/routes/billingRoutes.js",""
"vyapar-backend","POST","/api/billing/nongst","apps/backend/src/routes/billingRoutes.js",""
"vyapar-backend","POST","/api/billing/dispatch","apps/backend/src/routes/billingRoutes.js",""
"vyapar-backend","POST","/api/billing/import","apps/backend/src/routes/billingRoutes.js",""
"vyapar-backend","POST","/api/billing/","apps/backend/src/routes/billingRoutes.js",""
"vyapar-backend","GET","/api/billing/","apps/backend/src/routes/billingRoutes.js",""
"vyapar-backend","GET","/api/billing/:id","apps/backend/src/routes/billingRoutes.js",""
"vyapar-backend","PUT","/api/billing/:id","apps/backend/src/routes/billingRoutes.js",""
"vyapar-backend","DELETE","/api/billing/:id","apps/backend/src/routes/billingRoutes.js",""
"vyapar-backend","POST","/api/branch/","apps/backend/src/routes/branchRoutes.js",""
"vyapar-backend","GET","/api/branch/","apps/backend/src/routes/branchRoutes.js",""
"vyapar-backend","GET","/api/branch/:id","apps/backend/src/routes/branchRoutes.js",""
"vyapar-backend","GET","/api/brand/","apps/backend/src/routes/brandRoutes.js",""
"vyapar-backend","POST","/api/brand/","apps/backend/src/routes/brandRoutes.js",""
"vyapar-backend","PUT","/api/brand/:id","apps/backend/src/routes/brandRoutes.js",""
"vyapar-backend","DELETE","/api/brand/:id","apps/backend/src/routes/brandRoutes.js",""
"vyapar-backend","GET","/api/category/","apps/backend/src/routes/categoryRoutes.js",""
"vyapar-backend","POST","/api/category/","apps/backend/src/routes/categoryRoutes.js",""
"vyapar-backend","PUT","/api/category/:id","apps/backend/src/routes/categoryRoutes.js",""
"vyapar-backend","DELETE","/api/category/:id","apps/backend/src/routes/categoryRoutes.js",""
"vyapar-backend","POST","/api/cloud/backup","apps/backend/src/routes/cloudRoutes.js",""
"vyapar-backend","POST","/api/company/","apps/backend/src/routes/companyRoutes.js",""
"vyapar-backend","GET","/api/company/","apps/backend/src/routes/companyRoutes.js",""
"vyapar-backend","GET","/api/company/:id","apps/backend/src/routes/companyRoutes.js",""
"vyapar-backend","PUT","/api/company/:id","apps/backend/src/routes/companyRoutes.js",""
"vyapar-backend","DELETE","/api/company/:id","apps/backend/src/routes/companyRoutes.js",""
"vyapar-backend","POST","/api/consolidated-statement/","apps/backend/src/routes/consolidatedStatementRoutes.js",""
"vyapar-backend","GET","/api/consolidated-statement/party/:partyId/udhar","apps/backend/src/routes/consolidatedStatementRoutes.js",""
"vyapar-backend","GET","/api/consolidated-statement/party/:partyId","apps/backend/src/routes/consolidatedStatementRoutes.js",""
"vyapar-backend","GET","/api/consolidated-statement/:statementId","apps/backend/src/routes/consolidatedStatementRoutes.js",""
"vyapar-backend","POST","/api/coupon/","apps/backend/src/routes/couponRoutes.js",""
"vyapar-backend","GET","/api/coupon/","apps/backend/src/routes/couponRoutes.js",""
"vyapar-backend","GET","/api/daybook/","apps/backend/src/routes/daybookRoutes.js",""
"vyapar-backend","POST","/api/ewaybill/generate","apps/backend/src/routes/eWayBillRoutes.js",""
"vyapar-backend","GET","/api/ewaybill/","apps/backend/src/routes/eWayBillRoutes.js",""
"vyapar-backend","PUT","/api/expenses/update/:id","apps/backend/src/routes/expensesRoutes.js",""
"vyapar-backend","POST","/api/expenses/","apps/backend/src/routes/expensesRoutes.js",""
"vyapar-backend","GET","/api/expenses/","apps/backend/src/routes/expensesRoutes.js",""
"vyapar-backend","GET","/api/expenses/:id","apps/backend/src/routes/expensesRoutes.js",""
"vyapar-backend","PUT","/api/expenses/:id","apps/backend/src/routes/expensesRoutes.js",""
"vyapar-backend","DELETE","/api/expenses/:id","apps/backend/src/routes/expensesRoutes.js",""
"vyapar-backend","POST","/api/fixed-assets/","apps/backend/src/routes/fixedAssetRoutes.js",""
"vyapar-backend","GET","/api/fixed-assets/","apps/backend/src/routes/fixedAssetRoutes.js",""
"vyapar-backend","POST","/api/fixed-assets/calculate-depreciation","apps/backend/src/routes/fixedAssetRoutes.js",""
"vyapar-backend","GET","/api/gst/report","apps/backend/src/routes/gstRoutes.js",""
"vyapar-backend","POST","/api/gst/verify","apps/backend/src/routes/gstRoutes.js",""
"vyapar-backend","POST","/api/inventory/import","apps/backend/src/routes/inventoryRoutes.js",""
"vyapar-backend","POST","/api/inventory/purchase","apps/backend/src/routes/inventoryRoutes.js",""
"vyapar-backend","POST","/api/inventory/bulk-delete","apps/backend/src/routes/inventoryRoutes.js",""
"vyapar-backend","GET","/api/inventory/import-batches","apps/backend/src/routes/inventoryRoutes.js",""
"vyapar-backend","GET","/api/inventory/export/csv","apps/backend/src/routes/inventoryRoutes.js",""
"vyapar-backend","POST","/api/inventory/adjust","apps/backend/src/routes/inventoryRoutes.js",""
"vyapar-backend","GET","/api/inventory/adjustments","apps/backend/src/routes/inventoryRoutes.js",""
"vyapar-backend","GET","/api/inventory/summary","apps/backend/src/routes/inventoryRoutes.js",""
"vyapar-backend","GET","/api/inventory/barcode","apps/backend/src/routes/inventoryRoutes.js",""
"vyapar-backend","PATCH","/api/inventory/:id/stock","apps/backend/src/routes/inventoryRoutes.js",""
"vyapar-backend","POST","/api/inventory/","apps/backend/src/routes/inventoryRoutes.js",""
"vyapar-backend","GET","/api/inventory/","apps/backend/src/routes/inventoryRoutes.js",""
"vyapar-backend","GET","/api/inventory/:id","apps/backend/src/routes/inventoryRoutes.js",""
"vyapar-backend","PUT","/api/inventory/:id","apps/backend/src/routes/inventoryRoutes.js",""
"vyapar-backend","DELETE","/api/inventory/:id","apps/backend/src/routes/inventoryRoutes.js",""
"vyapar-backend","POST","/api/laterpad/","apps/backend/src/routes/laterpadRoutes.js",""
"vyapar-backend","GET","/api/laterpad/","apps/backend/src/routes/laterpadRoutes.js",""
"vyapar-backend","GET","/api/licensing/validate","apps/backend/src/routes/licensingRoutes.js",""
"vyapar-backend","POST","/api/membership/","apps/backend/src/routes/membershipRoutes.js",""
"vyapar-backend","GET","/api/membership/","apps/backend/src/routes/membershipRoutes.js",""
"vyapar-backend","GET","/api/membership/:id","apps/backend/src/routes/membershipRoutes.js",""
"vyapar-backend","PUT","/api/membership/:id","apps/backend/src/routes/membershipRoutes.js",""
"vyapar-backend","DELETE","/api/membership/:id","apps/backend/src/routes/membershipRoutes.js",""
"vyapar-backend","POST","/api/notification/","apps/backend/src/routes/notificationRoutes.js",""
"vyapar-backend","GET","/api/notification/","apps/backend/src/routes/notificationRoutes.js",""
"vyapar-backend","POST","/api/party/","apps/backend/src/routes/partyRoutes.js",""
"vyapar-backend","GET","/api/party/","apps/backend/src/routes/partyRoutes.js",""
"vyapar-backend","GET","/api/party/:id/statement","apps/backend/src/routes/partyRoutes.js",""
"vyapar-backend","GET","/api/party/:id","apps/backend/src/routes/partyRoutes.js",""
"vyapar-backend","PUT","/api/party/:id","apps/backend/src/routes/partyRoutes.js",""
"vyapar-backend","DELETE","/api/party/:id","apps/backend/src/routes/partyRoutes.js",""
"vyapar-backend","POST","/api/payment/order","apps/backend/src/routes/paymentRoutes.js",""
"vyapar-backend","POST","/api/payment/verify","apps/backend/src/routes/paymentRoutes.js",""
"vyapar-backend","POST","/api/payment/entry","apps/backend/src/routes/paymentRoutes.js",""
"vyapar-backend","POST","/api/payment/bulk-entry","apps/backend/src/routes/paymentRoutes.js",""
"vyapar-backend","POST","/api/payment/parse-statement","apps/backend/src/routes/paymentRoutes.js",""
"vyapar-backend","POST","/api/purchase-orders/","apps/backend/src/routes/purchaseOrderRoutes.js",""
"vyapar-backend","GET","/api/purchase-orders/","apps/backend/src/routes/purchaseOrderRoutes.js",""
"vyapar-backend","PATCH","/api/purchase-orders/:id/status","apps/backend/src/routes/purchaseOrderRoutes.js",""
"vyapar-backend","GET","/api/purchase/export/csv","apps/backend/src/routes/purchaseRoutes.js",""
"vyapar-backend","POST","/api/purchase/","apps/backend/src/routes/purchaseRoutes.js",""
"vyapar-backend","GET","/api/purchase/","apps/backend/src/routes/purchaseRoutes.js",""
"vyapar-backend","GET","/api/purchase/:id","apps/backend/src/routes/purchaseRoutes.js",""
"vyapar-backend","DELETE","/api/purchase/:id","apps/backend/src/routes/purchaseRoutes.js",""
"vyapar-backend","POST","/api/reminders/","apps/backend/src/routes/reminderRoutes.js",""
"vyapar-backend","GET","/api/report/staff-performance","apps/backend/src/routes/reportRoutes.js",""
"vyapar-backend","GET","/api/reports/staff-performance","apps/backend/src/routes/reportRoutes.js",""
"vyapar-backend","GET","/api/report/charts","apps/backend/src/routes/reportRoutes.js",""
"vyapar-backend","GET","/api/reports/charts","apps/backend/src/routes/reportRoutes.js",""
"vyapar-backend","GET","/api/report/balancesheet","apps/backend/src/routes/reportRoutes.js",""
"vyapar-backend","GET","/api/reports/balancesheet","apps/backend/src/routes/reportRoutes.js",""
"vyapar-backend","GET","/api/report/profitloss","apps/backend/src/routes/reportRoutes.js",""
"vyapar-backend","GET","/api/reports/profitloss","apps/backend/src/routes/reportRoutes.js",""
"vyapar-backend","POST","/api/report/generate","apps/backend/src/routes/reportRoutes.js",""
"vyapar-backend","POST","/api/reports/generate","apps/backend/src/routes/reportRoutes.js",""
"vyapar-backend","POST","/api/return/","apps/backend/src/routes/returnRoutes.js",""
"vyapar-backend","GET","/api/return/","apps/backend/src/routes/returnRoutes.js",""
"vyapar-backend","POST","/api/salary/","apps/backend/src/routes/salaryRoutes.js",""
"vyapar-backend","GET","/api/salary/","apps/backend/src/routes/salaryRoutes.js",""
"vyapar-backend","GET","/api/salary/:id","apps/backend/src/routes/salaryRoutes.js",""
"vyapar-backend","PUT","/api/salary/:id","apps/backend/src/routes/salaryRoutes.js",""
"vyapar-backend","DELETE","/api/salary/:id","apps/backend/src/routes/salaryRoutes.js",""
"vyapar-backend","POST","/api/scheme/","apps/backend/src/routes/schemeRoutes.js",""
"vyapar-backend","POST","/api/schemes/","apps/backend/src/routes/schemeRoutes.js",""
"vyapar-backend","GET","/api/scheme/","apps/backend/src/routes/schemeRoutes.js",""
"vyapar-backend","GET","/api/schemes/","apps/backend/src/routes/schemeRoutes.js",""
"vyapar-backend","POST","/api/security/","apps/backend/src/routes/securityRoutes.js",""
"vyapar-backend","POST","/api/logs/","apps/backend/src/routes/securityRoutes.js",""
"vyapar-backend","GET","/api/security/","apps/backend/src/routes/securityRoutes.js",""
"vyapar-backend","GET","/api/logs/","apps/backend/src/routes/securityRoutes.js",""
"vyapar-backend","GET","/api/settings/","apps/backend/src/routes/settingsRoutes.js",""
"vyapar-backend","POST","/api/settings/update","apps/backend/src/routes/settingsRoutes.js",""
"vyapar-backend","GET","/api/settings/whatsapp","apps/backend/src/routes/settingsRoutes.js",""
"vyapar-backend","POST","/api/settings/whatsapp","apps/backend/src/routes/settingsRoutes.js",""
"vyapar-backend","POST","/api/staff/","apps/backend/src/routes/staffRoutes.js",""
"vyapar-backend","GET","/api/staff/","apps/backend/src/routes/staffRoutes.js",""
"vyapar-backend","POST","/api/staff/payment","apps/backend/src/routes/staffRoutes.js",""
"vyapar-backend","POST","/api/staff/attendance","apps/backend/src/routes/staffRoutes.js",""
"vyapar-backend","GET","/api/staff/:id/statement","apps/backend/src/routes/staffRoutes.js",""
"vyapar-backend","GET","/api/staff/:id","apps/backend/src/routes/staffRoutes.js",""
"vyapar-backend","PUT","/api/staff/:id","apps/backend/src/routes/staffRoutes.js",""
"vyapar-backend","DELETE","/api/staff/:id","apps/backend/src/routes/staffRoutes.js",""
"vyapar-backend","POST","/api/stock-transfer/","apps/backend/src/routes/stockTransferRoutes.js",""
"vyapar-backend","GET","/api/stock-transfer/","apps/backend/src/routes/stockTransferRoutes.js",""
"vyapar-backend","GET","/api/subcategory/","apps/backend/src/routes/subCategoryRoutes.js",""
"vyapar-backend","POST","/api/subcategory/","apps/backend/src/routes/subCategoryRoutes.js",""
"vyapar-backend","PUT","/api/subcategory/:id","apps/backend/src/routes/subCategoryRoutes.js",""
"vyapar-backend","DELETE","/api/subcategory/:id","apps/backend/src/routes/subCategoryRoutes.js",""
"vyapar-backend","POST","/api/sync/data","apps/backend/src/routes/syncRoutes.js",""
"vyapar-backend","GET","/api/sync/status","apps/backend/src/routes/syncRoutes.js",""
"vyapar-backend","GET","/api/tally/export","apps/backend/src/routes/tallyRoutes.js",""
"vyapar-backend","POST","/api/tds-tcs/","apps/backend/src/routes/tdsTcsRoutes.js",""
"vyapar-backend","GET","/api/tds-tcs/","apps/backend/src/routes/tdsTcsRoutes.js",""
"vyapar-backend","PATCH","/api/tds-tcs/:id/status","apps/backend/src/routes/tdsTcsRoutes.js",""
"vyapar-backend","GET","/api/unit/","apps/backend/src/routes/unitRoutes.js",""
"vyapar-backend","POST","/api/unit/","apps/backend/src/routes/unitRoutes.js",""
"vyapar-backend","GET","/api/user/","apps/backend/src/routes/userRoutes.js",""
"vyapar-backend","PUT","/api/user/:id/role","apps/backend/src/routes/userRoutes.js",""
"vyapar-backend","POST","/api/warehouse/","apps/backend/src/routes/warehouseRoutes.js",""
"vyapar-backend","GET","/api/warehouse/","apps/backend/src/routes/warehouseRoutes.js",""
"vyapar-backend","POST","/api/whatsapp/send-invoice","apps/backend/src/routes/whatsappRoutes.js",""