workspace,routePath,file
"red-accounting-desktop","/login","apps/desktop/src/app.jsx"
"red-accounting-desktop","/register","apps/desktop/src/app.jsx"
"red-accounting-desktop","/forgot-password","apps/desktop/src/app.jsx"
"red-accounting-desktop","/key-recovery","apps/desktop/src/app.jsx"
"red-accounting-desktop","/verify-otp","apps/desktop/src/app.jsx"
"red-accounting-desktop","/","apps/desktop/src/app.jsx"
"red-accounting-desktop","/dashboard","apps/desktop/src/app.jsx"
"red-accounting-desktop","/approvals","apps/desktop/src/app.jsx"
"red-accounting-desktop","/parties","apps/desktop/src/app.jsx"
"red-accounting-desktop","/fast-pos","apps/desktop/src/app.jsx"
"red-accounting-desktop","/billing","apps/desktop/src/app.jsx"
"red-accounting-desktop","/billing/list","apps/desktop/src/app.jsx"
"red-accounting-desktop","/billing/import","apps/desktop/src/app.jsx"
"red-accounting-desktop","/billing/parse","apps/desktop/src/app.jsx"
"red-accounting-desktop","/billing/return","apps/desktop/src/app.jsx"
"red-accounting-desktop","/billing/return/create","apps/desktop/src/app.jsx"
"red-accounting-desktop","/billing/b2b","apps/desktop/src/app.jsx"
"red-accounting-desktop","/billing/b2b/create","apps/desktop/src/app.jsx"
"red-accounting-desktop","/billing/:id","apps/desktop/src/app.jsx"
"red-accounting-desktop","/inventory","apps/desktop/src/app.jsx"
"red-accounting-desktop","/inventory/add","apps/desktop/src/app.jsx"
"red-accounting-desktop","/inventory/bulk","apps/desktop/src/app.jsx"
"red-accounting-desktop","/inventory/bulk-upload","apps/desktop/src/app.jsx"
"red-accounting-desktop","/inventory/bulk-upload-preview","apps/desktop/src/app.jsx"
"red-accounting-desktop","/inventory/analytics","apps/desktop/src/app.jsx"
"red-accounting-desktop","/inventory/purchase","apps/desktop/src/app.jsx"
"red-accounting-desktop","/inventory/adjust","apps/desktop/src/app.jsx"
"red-accounting-desktop","/inventory/list","apps/desktop/src/app.jsx"
"red-accounting-desktop","/inventory/detail/:id","apps/desktop/src/app.jsx"
"red-accounting-desktop","/inventory/batch","apps/desktop/src/app.jsx"
"red-accounting-desktop","/inventory/purchase-return","apps/desktop/src/app.jsx"
"red-accounting-desktop","/inventory/supplier-ledger","apps/desktop/src/app.jsx"
"red-accounting-desktop","/inventory/transfer","apps/desktop/src/app.jsx"
"red-accounting-desktop","/inventory/parse-purchase-bill","apps/desktop/src/app.jsx"
"red-accounting-desktop","/inventory/categories","apps/desktop/src/app.jsx"
"red-accounting-desktop","/inventory/masters","apps/desktop/src/app.jsx"
"red-accounting-desktop","/expenses","apps/desktop/src/app.jsx"
"red-accounting-desktop","/expenses/add","apps/desktop/src/app.jsx"
"red-accounting-desktop","/expenses/list","apps/desktop/src/app.jsx"
"red-accounting-desktop","/company","apps/desktop/src/app.jsx"
"red-accounting-desktop","/company/add","apps/desktop/src/app.jsx"
"red-accounting-desktop","/company/branches","apps/desktop/src/app.jsx"
"red-accounting-desktop","/company/list","apps/desktop/src/app.jsx"
"red-accounting-desktop","/coupons","apps/desktop/src/app.jsx"
"red-accounting-desktop","/coupans","apps/desktop/src/app.jsx"
"red-accounting-desktop","/coupons/list","apps/desktop/src/app.jsx"
"red-accounting-desktop","/coupons/generate","apps/desktop/src/app.jsx"
"red-accounting-desktop","/membership","apps/desktop/src/app.jsx"
"red-accounting-desktop","/membership/list","apps/desktop/src/app.jsx"
"red-accounting-desktop","/membership/loyalty/:id","apps/desktop/src/app.jsx"
"red-accounting-desktop","/notifications","apps/desktop/src/app.jsx"
"red-accounting-desktop","/notifications/reminders","apps/desktop/src/app.jsx"
"red-accounting-desktop","/reports","apps/desktop/src/app.jsx"
"red-accounting-desktop","/reports/gst","apps/desktop/src/app.jsx"
"red-accounting-desktop","/reports/product-gst","apps/desktop/src/app.jsx"
"red-accounting-desktop","/reports/gstr3b","apps/desktop/src/app.jsx"
"red-accounting-desktop","/reports/itemwise","apps/desktop/src/app.jsx"
"red-accounting-desktop","/reports/itemwise-page","apps/desktop/src/app.jsx"
"red-accounting-desktop","/reports/billwise","apps/desktop/src/app.jsx"
"red-accounting-desktop","/reports/customer","apps/desktop/src/app.jsx"
"red-accounting-desktop","/reports/partywise","apps/desktop/src/app.jsx"
"red-accounting-desktop","/reports/profitloss","apps/desktop/src/app.jsx"
"red-accounting-desktop","/reports/scheme","apps/desktop/src/app.jsx"
"red-accounting-desktop","/reports/supplier-ledger","apps/desktop/src/app.jsx"
"red-accounting-desktop","/reports/daybook","apps/desktop/src/app.jsx"
"red-accounting-desktop","/reports/sitewise","apps/desktop/src/app.jsx"
"red-accounting-desktop","/reports/analytics","apps/desktop/src/app.jsx"
"red-accounting-desktop","/reports/bank-reconciliation","apps/desktop/src/app.jsx"
"red-accounting-desktop","/reports/eway-bill","apps/desktop/src/app.jsx"
"red-accounting-desktop","/reports/fixed-assets","apps/desktop/src/app.jsx"
"red-accounting-desktop","/reports/tds-tcs","apps/desktop/src/app.jsx"
"red-accounting-desktop","/reports/aging","apps/desktop/src/app.jsx"
"red-accounting-desktop","/salary","apps/desktop/src/app.jsx"
"red-accounting-desktop","/salary/add","apps/desktop/src/app.jsx"
"red-accounting-desktop","/salary/attendance","apps/desktop/src/app.jsx"
"red-accounting-desktop","/salary/statement","apps/desktop/src/app.jsx"
"red-accounting-desktop","/salary/list","apps/desktop/src/app.jsx"
"red-accounting-desktop","/laterpad","apps/desktop/src/app.jsx"
"red-accounting-desktop","/laterpad/list","apps/desktop/src/app.jsx"
"red-accounting-desktop","/warehouse/add","apps/desktop/src/app.jsx"
"red-accounting-desktop","/warehouse/list","apps/desktop/src/app.jsx"
"red-accounting-desktop","/warehouse","apps/desktop/src/app.jsx"
"red-accounting-desktop","/settings","apps/desktop/src/app.jsx"
"red-accounting-desktop","/settings/app","apps/desktop/src/app.jsx"
"red-accounting-desktop","/settings/backup","apps/desktop/src/app.jsx"
"red-accounting-desktop","/settings/profile","apps/desktop/src/app.jsx"
"red-accounting-desktop","/settings/security","apps/desktop/src/app.jsx"
"red-accounting-desktop","/settings/web","apps/desktop/src/app.jsx"
"red-accounting-desktop","/settings/staff","apps/desktop/src/app.jsx"
"red-accounting-desktop","/settings/whatsapp","apps/desktop/src/app.jsx"
"red-accounting-desktop","/settings/units","apps/desktop/src/app.jsx"
"red-accounting-desktop","/settings/performance","apps/desktop/src/app.jsx"
"red-accounting-desktop","/cloudsync","apps/desktop/src/app.jsx"
"red-accounting-desktop","/profile","apps/desktop/src/app.jsx"
"red-accounting-desktop","/security","apps/desktop/src/app.jsx"
"red-accounting-desktop","/pages/settings","apps/desktop/src/app.jsx"
"red-accounting-desktop","/pages/settings/app","apps/desktop/src/app.jsx"
"red-accounting-desktop","/pages/settings/cloud-sync","apps/desktop/src/app.jsx"
"red-accounting-desktop","/pages/setting/profile","apps/desktop/src/app.jsx"
"red-accounting-desktop","/pages/settings/security-log","apps/desktop/src/app.jsx"
"business-accounting-app","/login","apps/web/src/app.jsx"
"business-accounting-app","/register","apps/web/src/app.jsx"
"business-accounting-app","/forgot-password","apps/web/src/app.jsx"
"business-accounting-app","/key-recovery","apps/web/src/app.jsx"
"business-accounting-app","/verify-otp","apps/web/src/app.jsx"
"business-accounting-app","/","apps/web/src/app.jsx"
"business-accounting-app","/dashboard","apps/web/src/app.jsx"
"business-accounting-app","/approvals","apps/web/src/app.jsx"
"business-accounting-app","/parties","apps/web/src/app.jsx"
"business-accounting-app","/fast-pos","apps/web/src/app.jsx"
"business-accounting-app","/billing","apps/web/src/app.jsx"
"business-accounting-app","/billing/list","apps/web/src/app.jsx"
"business-accounting-app","/billing/import","apps/web/src/app.jsx"
"business-accounting-app","/billing/parse","apps/web/src/app.jsx"
"business-accounting-app","/billing/return","apps/web/src/app.jsx"
"business-accounting-app","/billing/return/create","apps/web/src/app.jsx"
"business-accounting-app","/billing/b2b","apps/web/src/app.jsx"
"business-accounting-app","/billing/b2b/create","apps/web/src/app.jsx"
"business-accounting-app","/billing/:id","apps/web/src/app.jsx"
"business-accounting-app","/inventory","apps/web/src/app.jsx"
"business-accounting-app","/inventory/add","apps/web/src/app.jsx"
"business-accounting-app","/inventory/bulk","apps/web/src/app.jsx"
"business-accounting-app","/inventory/bulk-upload","apps/web/src/app.jsx"
"business-accounting-app","/inventory/analytics","apps/web/src/app.jsx"
"business-accounting-app","/inventory/purchase","apps/web/src/app.jsx"
"business-accounting-app","/inventory/adjust","apps/web/src/app.jsx"
"business-accounting-app","/inventory/list","apps/web/src/app.jsx"
"business-accounting-app","/inventory/detail/:id","apps/web/src/app.jsx"
"business-accounting-app","/inventory/batch","apps/web/src/app.jsx"
"business-accounting-app","/inventory/purchase-return","apps/web/src/app.jsx"
"business-accounting-app","/inventory/supplier-ledger","apps/web/src/app.jsx"
"business-accounting-app","/inventory/transfer","apps/web/src/app.jsx"
"business-accounting-app","/inventory/parse-purchase-bill","apps/web/src/app.jsx"
"business-accounting-app","/inventory/categories","apps/web/src/app.jsx"
"business-accounting-app","/inventory/masters","apps/web/src/app.jsx"
"business-accounting-app","/expenses","apps/web/src/app.jsx"
"business-accounting-app","/expenses/add","apps/web/src/app.jsx"
"business-accounting-app","/expenses/list","apps/web/src/app.jsx"
"business-accounting-app","/company","apps/web/src/app.jsx"
"business-accounting-app","/company/add","apps/web/src/app.jsx"
"business-accounting-app","/company/branches","apps/web/src/app.jsx"
"business-accounting-app","/company/list","apps/web/src/app.jsx"
"business-accounting-app","/coupans","apps/web/src/app.jsx"
"business-accounting-app","/coupons","apps/web/src/app.jsx"
"business-accounting-app","/coupons/list","apps/web/src/app.jsx"
"business-accounting-app","/coupons/view","apps/web/src/app.jsx"
"business-accounting-app","/coupons/generate","apps/web/src/app.jsx"
"business-accounting-app","/membership","apps/web/src/app.jsx"
"business-accounting-app","/membership/list","apps/web/src/app.jsx"
"business-accounting-app","/membership/loyalty/:id","apps/web/src/app.jsx"
"business-accounting-app","/notifications","apps/web/src/app.jsx"
"business-accounting-app","/notifications/reminders","apps/web/src/app.jsx"
"business-accounting-app","/reports","apps/web/src/app.jsx"
"business-accounting-app","/reports/gst","apps/web/src/app.jsx"
"business-accounting-app","/reports/product-gst","apps/web/src/app.jsx"
"business-accounting-app","/reports/gstr3b","apps/web/src/app.jsx"
"business-accounting-app","/reports/itemwise","apps/web/src/app.jsx"
"business-accounting-app","/reports/itemwise-page","apps/web/src/app.jsx"
"business-accounting-app","/reports/billwise","apps/web/src/app.jsx"
"business-accounting-app","/reports/customer","apps/web/src/app.jsx"
"business-accounting-app","/reports/partywise","apps/web/src/app.jsx"
"business-accounting-app","/reports/profitloss","apps/web/src/app.jsx"
"business-accounting-app","/reports/scheme","apps/web/src/app.jsx"
"business-accounting-app","/reports/supplier-ledger","apps/web/src/app.jsx"
"business-accounting-app","/reports/daybook","apps/web/src/app.jsx"
"business-accounting-app","/reports/sitewise","apps/web/src/app.jsx"
"business-accounting-app","/reports/aging","apps/web/src/app.jsx"
"business-accounting-app","/reports/analytics","apps/web/src/app.jsx"
"business-accounting-app","/reports/bank-reconciliation","apps/web/src/app.jsx"
"business-accounting-app","/reports/eway-bill","apps/web/src/app.jsx"
"business-accounting-app","/reports/fixed-assets","apps/web/src/app.jsx"
"business-accounting-app","/reports/tds-tcs","apps/web/src/app.jsx"
"business-accounting-app","/salary","apps/web/src/app.jsx"
"business-accounting-app","/salary/add","apps/web/src/app.jsx"
"business-accounting-app","/salary/attendance","apps/web/src/app.jsx"
"business-accounting-app","/salary/statement","apps/web/src/app.jsx"
"business-accounting-app","/salary/list","apps/web/src/app.jsx"
"business-accounting-app","/banking","apps/web/src/app.jsx"
"business-accounting-app","/laterpad","apps/web/src/app.jsx"
"business-accounting-app","/laterpad/list","apps/web/src/app.jsx"
"business-accounting-app","/warehouse/add","apps/web/src/app.jsx"
"business-accounting-app","/warehouse/list","apps/web/src/app.jsx"
"business-accounting-app","/warehouse","apps/web/src/app.jsx"
"business-accounting-app","/settings","apps/web/src/app.jsx"
"business-accounting-app","/settings/app","apps/web/src/app.jsx"
"business-accounting-app","/settings/backup","apps/web/src/app.jsx"
"business-accounting-app","/settings/profile","apps/web/src/app.jsx"
"business-accounting-app","/settings/security","apps/web/src/app.jsx"
"business-accounting-app","/settings/web","apps/web/src/app.jsx"
"business-accounting-app","/settings/staff","apps/web/src/app.jsx"
"business-accounting-app","/settings/whatsapp","apps/web/src/app.jsx"
"business-accounting-app","/settings/units","apps/web/src/app.jsx"
"business-accounting-app","/settings/performance","apps/web/src/app.jsx"
"business-accounting-app","/pages/settings","apps/web/src/app.jsx"
"business-accounting-app","/pages/settings/app","apps/web/src/app.jsx"
"business-accounting-app","/pages/settings/cloud-sync","apps/web/src/app.jsx"
"business-accounting-app","/pages/settings/profile","apps/web/src/app.jsx"
"business-accounting-app","/pages/settings/security-log","apps/web/src/app.jsx"
"website","/","apps/website/src/App.jsx"
"website","/about","apps/website/src/App.jsx"
"website","/pricing","apps/website/src/App.jsx"
"website","/faq","apps/website/src/App.jsx"
"website","/help","apps/website/src/App.jsx"